avg_speed,max_speed,data_points,first_date,last_date,station_id,name,lat,lon,height,last_updated
3.636337829703404,25.4,146192,2025-05-04,2025-05-04,188790,Abisko Aut,68.3538,18.8164,392.235,2025-05-04 18:00:00
3.2471900392252904,15.7,253153,2025-05-04,2025-05-04,97280,Adelsö A,59.3579,17.5213,5.612,2025-05-04 18:00:00
1.8247760031164784,7.9,2567,2025-05-04,2025-05-04,11046,Anilla,56.2234,14.0732,0.0,2025-05-04 18:00:00
2.2697298181153633,23.0,311901,2025-05-04,2025-05-04,167710,Arjeplog A,66.0513,17.8396,430.839,2025-05-04 18:00:00
2.965661773577318,17.5,248650,2025-05-04,2025-05-04,159880,Arvidsjaur A,65.5941,19.2642,382.45,2025-05-04 18:00:00
1.3837955213222983,11.9,256281,2025-05-04,2025-05-04,92410,Arvika A,59.6743,12.6354,65.758,2025-05-04 18:00:00
5.587357827072517,21.0,150433,2025-05-04,2025-05-04,84340,Axstål,58.571,14.557,88.5,2025-05-04 18:00:00
3.2862256660601017,30.0,502282,2025-05-04,2025-05-04,98040,Berga,59.068,18.115,4.3,2025-05-04 18:00:00
1.0376506024096384,3.5,332,2025-05-04,2025-05-04,14043,Bergsäter,58.4571,11.6616,0.0,2025-03-31 23:59:59
6.072651644914075,27.4,248706,2025-05-04,2025-05-04,151280,Bjuröklubb A,64.4799,21.5754,35.41,2025-05-04 18:00:00
1.7018603251053586,9.8,249150,2025-05-04,2025-05-04,92130,Blomskog A,59.2213,12.0754,169.645,2025-05-04 18:00:00
8.053429413002316,34.9,104566,2025-05-04,2025-05-04,132110,Blåhammaren A,63.1854,12.1734,1086.952,2025-05-04 18:00:00
2.2958122908325116,22.0,298206,2025-05-04,2025-05-04,161940,Boden,65.814,21.635,25.2,2025-05-04 18:00:00
2.8444493027377455,22.0,343056,2025-05-04,2025-05-04,105260,Borlänge Flygplats,60.4294,15.5079,152.0,2025-05-04 18:00:00
1.9696480790561661,8.6,9917,2025-05-04,2025-05-04,75002,Borlänge GBG,60.4746,15.4196,0.0,2025-05-04 18:00:00
2.3476885144853092,12.1,29202,2025-05-04,2025-05-04,5032,Braberg,58.4488,16.3651,0.0,2025-05-04 18:00:00
5.262170688773386,26.0,336308,2025-05-04,2025-05-04,127130,Brämön A,62.2198,17.739,18.13,2025-05-04 18:00:00
2.0887246848409387,15.1,251381,2025-05-04,2025-05-04,157870,Buresjön A,65.558,17.8554,394.05,2025-05-04 18:00:00
1.6879013347941059,13.3,253747,2025-05-04,2025-05-04,123460,Börtnan A,62.7548,13.8427,467.246,2025-05-04 18:00:00
1.6690224175239374,12.4,255559,2025-05-04,2025-05-04,94390,Daglösen A,59.6612,14.1803,133.077,2025-05-04 18:00:00
1.8005561164926007,15.6,253544,2025-05-04,2025-05-04,116490,Delsbo A,61.8264,16.5385,70.667,2025-05-04 18:00:00
2.3367230961058896,17.2,250224,2025-05-04,2025-05-04,123060,Dravagen A,62.0936,13.6086,566.642,2025-05-04 18:00:00
1.98413490611232,12.1,254666,2025-05-04,2025-05-04,115220,Edsbyn A,61.3607,15.7144,183.648,2025-05-04 18:00:00
5.799072458391065,30.0,344998,2025-05-04,2025-05-04,107440,Eggegrund A,60.7298,17.5584,3.731,2025-05-04 18:00:00
2.0751401139750656,11.0,148629,2025-05-04,2025-05-04,97370,Enköping,59.65,17.12,24.6,2025-05-04 18:00:00
2.6942523714942683,14.8,242674,2025-05-04,2025-05-04,96190,Eskilstuna A,59.3825,16.4522,10.4,2025-05-04 18:00:00
6.612207661888551,28.0,185359,2025-05-04,2025-05-04,52230,Falsterbo,55.3837,12.8167,1.541,2023-10-01 06:01:00
6.845724654785791,24.6,135568,2025-05-04,2025-05-04,52240,Falsterbo A,55.3837,12.8166,1.575,2025-05-04 18:00:00
1.8830001773927003,9.6,214214,2025-05-04,2025-05-04,107140,Film A,60.2358,17.9043,33.381,2025-05-04 18:00:00
2.6885324570942273,18.6,253812,2025-05-04,2025-05-04,96040,Floda A,59.0558,16.3944,31.337,2025-05-04 18:00:00
1.2746917510853837,6.5,34550,2025-05-04,2025-05-04,23059,Fors 2,63.0117,16.6604,0.0,2025-05-04 18:00:00
1.9635750658613385,11.0,249008,2025-05-04,2025-05-04,148040,Fredrika A,64.0744,18.3619,327.684,2025-05-04 18:00:00
5.750476563055694,27.0,253062,2025-05-04,2025-05-04,78550,Fårösund Ar A,57.9165,18.9533,12.756,2025-05-04 18:00:00
2.374089865659044,15.9,253534,2025-05-04,2025-05-04,134410,Föllinge A,63.6761,14.6048,361.8,2025-05-04 18:00:00
0.8538325210456359,6.7,2257,2025-05-04,2025-05-04,22051,Gammbodarna,63.099,17.5177,0.0,2025-05-04 18:00:00
1.952358965748825,13.2,226328,2025-05-04,2025-05-04,155790,Gielas A,65.3269,15.0645,578.328,2025-05-04 18:00:00
2.393752115371897,12.8,257047,2025-05-04,2025-05-04,76420,Gladhammar A,57.7068,16.4526,35.277,2025-05-04 18:00:00
5.168329528964506,22.9,250151,2025-05-04,2025-05-04,89230,Gotska Sandön A,58.3939,19.194,15.911,2025-05-04 18:00:00
1.3059920164933982,7.5,22797,2025-05-04,2025-05-04,20044,Grådö V,60.2409,16.0283,0.0,2025-05-04 18:00:00
2.0935506690564853,14.4,251623,2025-05-04,2025-05-04,145130,Gubbhögen A,64.2172,15.5529,310.221,2025-05-04 18:00:00
2.2339874548068126,15.5,137742,2025-05-04,2025-05-04,147560,Gunnarn A,65.0094,17.6993,275.491,2025-05-04 18:00:00
1.2384814233055226,13.4,253382,2025-05-04,2025-05-04,103100,Gustavsfors A,60.1533,13.799,187.153,2025-05-04 18:00:00
2.9868007857481538,15.4,147630,2025-05-04,2025-05-04,144310,Gäddede A,64.5044,14.2207,553.025,2025-05-04 18:00:00
2.064115473643473,23.0,273898,2025-05-04,2025-05-04,180760,Gällivare A,67.1407,20.6413,358.975,2025-05-04 18:00:00
2.5503476127984004,13.6,256032,2025-05-04,2025-05-04,107420,Gävle A,60.7161,17.1607,16.125,2025-05-04 18:00:00
2.5178777049831247,9.4,10074,2025-05-04,2025-05-04,75001,Gävle GBG,60.6838,17.1472,0.0,2025-05-04 18:00:00
2.6351894248259424,13.0,255088,2025-05-04,2025-05-04,84520,Gårdsjö A,58.8768,14.3875,210.675,2025-05-04 18:00:00
3.221983821782613,25.0,319071,2025-05-04,2025-05-04,71420,Göteborg A,57.7156,11.9924,3.038,2025-05-04 18:00:00
4.2002884480090055,19.0,284280,2025-05-04,2025-05-04,72420,Göteborg-Landvetter Flygplats,57.6764,12.2919,154.0,2025-05-04 18:00:00
2.7143775279956968,22.0,429441,2025-05-04,2025-05-04,74180,Hagshult,57.292,14.137,169.6,2025-05-04 18:00:00
6.10270982897276,28.3,250311,2025-05-04,2025-05-04,62260,Hallands Väderö A,56.4496,12.5453,9.172,2025-05-04 18:00:00
2.163895611120133,14.0,252479,2025-05-04,2025-05-04,135460,Hallhåxåsen A,63.7685,15.3279,375.391,2025-05-04 18:00:00
2.262791348126049,9.6,10726,2025-05-04,2025-05-04,75004,Hallsberg GBG,59.0604,15.0599,0.0,2025-05-04 18:00:00
4.446562251556743,26.0,247793,2025-05-04,2025-05-04,62410,Halmstad flygplats,56.6833,12.8167,31.0,2025-05-04 18:00:00
2.4066967659680736,19.0,304326,2025-05-04,2025-05-04,114410,Hamra A,61.6599,14.9918,453.588,2025-05-04 18:00:00
7.423782036861252,37.0,364502,2025-05-04,2025-05-04,64020,Hanö A,56.0135,14.8463,58.622,2025-05-04 18:00:00
2.509606500372565,12.9,140915,2025-05-04,2025-05-04,163960,Haparanda A,65.8237,24.1112,13.243,2025-05-04 18:00:00
4.44865930599369,21.4,252332,2025-05-04,2025-05-04,87140,Harstena A,58.2506,17.0074,5.0,2025-05-04 18:00:00
3.3883509369146716,18.8,257334,2025-05-04,2025-05-04,62040,Helsingborg A,56.0304,12.7628,43.07,2025-05-04 18:00:00
2.8109171202629146,10.3,9737,2025-05-04,2025-05-04,71001,Helsingborg GBG,56.0248,12.723,0.0,2025-05-04 18:00:00
2.756927537438181,24.0,144171,2025-05-04,2025-05-04,155970,Hemavan Flygplats,65.8077,15.0854,458.0,2025-05-04 18:00:00
5.973812429819851,32.9,307245,2025-05-04,2025-05-04,155960,Hemavan-Gierevarto A,65.7813,15.0623,793.504,2025-05-04 18:00:00
1.998228551853937,12.6,253973,2025-05-04,2025-05-04,138390,Hemling A,63.6503,18.5466,182.186,2025-05-04 18:00:00
2.2391759319816873,9.7,1529,2025-05-04,2025-05-04,13023,Hinnakullsberg,56.9229,13.0655,0.0,2025-05-04 18:00:00
5.918541388148225,24.7,135389,2025-05-04,2025-05-04,68560,Hoburg A,56.9209,18.1506,34.118,2025-05-04 18:00:00
4.772156762295081,21.6,171776,2025-05-04,2025-05-04,140460,Holmön A,63.807,20.8645,6.535,2025-05-04 18:00:00
2.470154487988886,15.8,252641,2025-05-04,2025-05-04,75520,Horn A,57.8861,15.8623,89.822,2025-05-04 18:00:00
2.3849457017325704,10.8,12063,2025-05-04,2025-05-04,8006,Hossmo,56.6383,16.2156,0.0,2025-05-04 18:00:00
1.7739589461593572,11.6,249867,2025-05-04,2025-05-04,146050,Hoting A,64.0875,16.2356,241.55,2025-05-04 18:00:00
4.616696418609841,18.4,17926,2025-05-04,2025-05-04,11044,Hov,56.4337,12.7222,0.0,2025-05-04 18:00:00
2.3482388360046222,14.7,254434,2025-05-04,2025-05-04,125440,Hunge A,62.7504,15.0845,343.238,2025-05-04 18:00:00
3.142021520508523,18.8,252968,2025-05-04,2025-05-04,83190,Hällum A,58.3218,13.0379,70.071,2025-05-04 18:00:00
2.777556551075715,19.0,126567,2025-05-04,2025-05-04,63160,Hästveda,56.28,13.9431,102.5,2025-05-04 18:00:00
1.9984227810906576,9.3,23142,2025-05-04,2025-05-04,6057,Håknarp2,57.8739,13.9349,0.0,2025-05-04 18:00:00
2.7308869064162433,15.9,255461,2025-05-04,2025-05-04,53530,Hörby A,55.8624,13.6673,112.812,2025-05-04 18:00:00
5.4744692773412345,30.5,310520,2025-05-04,2025-05-04,112540,Idre Fjäll,61.8897,12.8525,866.126,2025-05-04 18:00:00
2.221873550780646,19.0,194070,2025-05-04,2025-05-04,170860,Jokkmokk Flygplats,66.491,20.142,275.4,2025-05-04 18:00:00
1.4701779563719861,9.0,146328,2025-05-04,2025-05-04,136410,Junsele A,63.6839,16.95,218.766,2025-05-04 18:00:00
1.962700773349197,9.0,1681,2025-05-04,2025-05-04,14042,Järnbrottsmotet,57.646,11.9413,0.0,2025-05-04 18:00:00
4.688934000284129,24.0,267486,2025-05-04,2025-05-04,139260,Järnäsklubb A,63.4351,19.6731,5.928,2025-05-04 18:00:00
2.5490209931368586,10.5,9908,2025-05-04,2025-05-04,73001,Jönköping GBG,57.7639,14.1778,0.0,2025-05-04 18:00:00
3.909031454804371,21.0,508412,2025-05-04,2025-05-04,74460,Jönköping-Axamos Flygplats,57.7514,14.0733,226.0,2025-05-04 18:00:00
3.9074892750210686,23.0,472262,2025-05-04,2025-05-04,66420,Kalmar flygplats,56.6784,16.2922,6.0,2025-05-04 18:00:00
2.5836763094139363,17.4,138688,2025-05-04,2025-05-04,192840,Karesuando A,68.4418,22.4435,329.68,2025-05-04 18:00:00
4.094576769236701,26.0,492769,2025-05-04,2025-05-04,84310,Karlsborg,58.514,14.507,94.5,2025-05-04 18:00:00
5.026259043173862,22.0,128550,2025-05-04,2025-05-04,65090,Karlskrona-Söderstjerna,56.15,15.589,2.4,2025-05-04 18:00:00
3.4442169705746823,22.0,531685,2025-05-04,2025-05-04,93220,Karlstad Flygplats,59.4446,13.3374,107.0,2025-05-04 18:00:00
3.350638830300647,23.2,139865,2025-05-04,2025-05-04,188850,Katterjåkk A,68.4202,18.168,514.248,2025-05-04 18:00:00
2.3090025812585693,13.4,254527,2025-05-04,2025-05-04,106160,Kerstinbo A,60.2683,16.9738,55.695,2025-05-04 18:00:00
3.11696364428637,13.3,254733,2025-05-04,2025-05-04,85460,Kettstaka A,58.7162,15.0271,224.876,2025-05-04 18:00:00
3.0381812581392262,14.1,256474,2025-05-04,2025-05-04,94190,Kilsbergen-Suttarboda A,59.2996,14.8956,218.353,2025-05-04 18:00:00
3.4441324091778203,24.0,527184,2025-05-04,2025-05-04,180940,Kiruna Flygplats,67.827,20.3387,459.0,2025-05-04 18:00:00
2.1379726142447923,10.2,133354,2025-05-04,2025-05-04,95540,Kloten A,59.8703,15.2522,283.21,2025-05-04 18:00:00
4.384235976789168,21.4,249194,2025-05-04,2025-05-04,124300,Klövsjöhöjden A,62.4952,14.1542,802.503,2025-05-04 18:00:00
2.501754206689829,13.5,29358,2025-05-04,2025-05-04,12000,Knivsåsen,55.6547,13.4064,0.0,2025-05-04 18:00:00
2.7896970654449222,13.2,253190,2025-05-04,2025-05-04,86420,Kolmården-Strömsfors A,58.6892,16.3069,153.613,2025-05-04 18:00:00
4.011925601750546,23.6,246780,2025-05-04,2025-05-04,133500,Korsvattnet A,63.8385,13.5009,716.605,2025-05-04 18:00:00
1.9521076472404983,13.0,213698,2025-05-04,2025-05-04,65510,Kosta,56.841,15.471,230.0,2025-05-04 18:00:00
1.9913023856336114,10.9,254817,2025-05-04,2025-05-04,82360,Kroppefjäll-Granan A,58.6065,12.1973,173.75,2025-05-04 18:00:00
1.7448222352061622,23.0,318342,2025-05-04,2025-05-04,136090,Krångede A,63.1512,16.1699,183.123,2025-05-04 18:00:00
4.857125567424815,26.0,294973,2025-05-04,2025-05-04,117430,Kuggören A,61.7027,17.5216,8.568,2025-05-04 18:00:00
1.4384141549849172,9.0,118347,2025-05-04,2025-05-04,85390,Kvarn,58.645,15.434,71.9,2025-05-04 18:00:00
1.5335348043610284,13.3,138316,2025-05-04,2025-05-04,167990,Kvikkjokk-Årrenjarka A,66.8874,18.0198,314.692,2025-05-04 18:00:00
1.601087010970295,9.8,19963,2025-05-04,2025-05-04,11039,Källstorp,56.2206,13.56,0.0,2025-05-04 18:00:00
1.110272801188774,7.3,35667,2025-05-04,2025-05-04,21041,Kårböle 2,61.9824,15.3149,0.0,2025-05-04 18:00:00
1.5159310489737825,11.0,252237,2025-05-04,2025-05-04,171790,Lakaträsk A,66.2789,21.1285,185.031,2025-05-04 18:00:00
6.480689518046924,26.1,256498,2025-05-04,2025-05-04,87440,Landsort A,58.7429,17.8684,17.484,2025-05-04 18:00:00
2.2295551241928457,19.1,252430,2025-05-04,2025-05-04,180770,Latnivaara A,67.2551,20.2704,453.191,2025-05-04 18:00:00
2.6045782804196755,14.7,14678,2025-05-04,2025-05-04,16036,Lekåsa,58.1442,12.8643,0.0,2025-05-04 18:00:00
3.7875635182392235,24.0,603370,2025-05-04,2025-05-04,85240,Linköping-Malmslätt,58.398,15.523,94.0,2025-05-04 18:00:00
2.252277293117208,13.0,254359,2025-05-04,2025-05-04,63510,Ljungby A,56.8525,13.8794,148.485,2025-05-04 18:00:00
3.354784544937203,22.5,604488,2025-05-04,2025-05-04,162860,Luleå-Kallax Flygplats,65.543,22.124,19.9,2025-05-04 18:00:00
5.52923581177857,26.6,295333,2025-05-04,2025-05-04,128390,Lungö A,62.6417,18.0899,14.325,2025-05-04 18:00:00
2.135329065925814,19.0,319632,2025-05-04,2025-05-04,148330,Lycksele A,64.5481,18.713,210.07,2025-05-04 18:00:00
5.83932525039536,14.4,1897,2025-05-04,2025-05-04,12037,Maglarp,55.3901,13.0761,0.0,2025-05-04 18:00:00
2.6057115395931816,14.0,254905,2025-05-04,2025-05-04,85050,Malexander A,58.0716,15.233,197.27,2025-05-04 18:00:00
3.1622706214037226,19.4,303265,2025-05-04,2025-05-04,52350,Malmö A,55.5715,13.0708,19.757,2025-05-04 18:00:00
3.2999900497512438,9.7,10050,2025-05-04,2025-05-04,71002,Malmö GBG,55.6116,13.0145,0.0,2025-05-04 18:00:00
4.873293768545994,26.0,326890,2025-05-04,2025-05-04,53300,Malmö-Sturup Flygplats,55.5231,13.3787,72.0,2025-04-30 23:59:59
2.1565565557967603,13.2,131746,2025-05-04,2025-05-04,103420,Malung A,60.6765,13.7072,302.583,2025-05-04 18:00:00
2.2129742165807222,15.9,252100,2025-05-04,2025-05-04,158740,Malå-Brännan A,65.1512,18.5935,363.111,2025-05-04 18:00:00
3.085608739742137,22.5,234698,2025-05-04,2025-05-04,166910,Mierkenis A,66.6802,16.1053,613.982,2025-05-04 18:00:00
2.317837452974512,23.0,311799,2025-05-04,2025-05-04,104580,Mora A,60.9601,14.5041,195.417,2025-05-04 18:00:00
2.6802134652480465,14.4,148783,2025-05-04,2025-05-04,75250,Målilla A,57.3845,15.8009,95.667,2025-05-04 18:00:00
7.28693842206033,28.0,251746,2025-05-04,2025-05-04,81050,Måseskär A,58.0937,11.3312,14.973,2025-05-04 18:00:00
2.83250135959012,20.1,244559,2025-05-04,2025-05-04,191910,Naimakka A,68.6762,21.5229,402.202,2025-05-04 18:00:00
1.793602281305041,16.4,238460,2025-05-04,2025-05-04,170930,Nattavaara A,66.7516,20.9238,327.631,2025-05-04 18:00:00
4.159934861601835,22.4,238876,2025-05-04,2025-05-04,83420,Naven A,58.6994,13.1084,53.314,2025-05-04 18:00:00
7.117490278548047,30.0,311939,2025-05-04,2025-05-04,71190,Nidingen A,57.3036,11.9049,3.785,2025-05-04 18:00:00
2.5584839954537046,27.3,302664,2025-05-04,2025-05-04,179960,Nikkaluokta A,67.8527,19.0212,466.765,2025-05-04 18:00:00
5.757415515771526,27.0,293250,2025-05-04,2025-05-04,81540,Nordkoster A,58.892,11.0038,33.362,2025-05-04 18:00:00
2.315680283341014,12.9,275569,2025-05-04,2025-05-04,86340,Norrköping-SMHI,58.5828,16.147,40.334,2025-05-04 18:00:00
2.2976192474807435,11.1,250173,2025-05-04,2025-05-04,149560,Norsjö A,64.9253,19.3744,309.576,2025-05-04 18:00:00
1.909802693391795,11.8,249054,2025-05-04,2025-05-04,172940,Paharova A,66.8094,22.3315,227.643,2025-05-04 18:00:00
2.292892115482019,11.4,148075,2025-05-04,2025-05-04,183750,Pajala A,67.2036,23.3899,163.774,2025-05-04 18:00:00
2.009503753077038,13.4,247397,2025-05-04,2025-05-04,182910,Parkalompolo A,67.7301,22.8219,312.183,2025-05-04 18:00:00
1.7433524442785902,12.4,29477,2025-05-04,2025-05-04,11001,Perstorp,56.1342,13.3512,0.0,2025-05-04 18:00:00
1.510241379583872,14.6,252134,2025-05-04,2025-05-04,149340,Petisträsk A,64.5659,19.6943,258.047,2025-05-04 18:00:00
5.124567635674484,26.0,336117,2025-05-04,2025-05-04,161710,Pite-Rönnskär A,65.034,21.5609,4.878,2025-05-04 18:00:00
6.771181326473724,25.4,204482,2025-05-04,2025-05-04,83450,Pålgrunden A,58.7551,13.1514,53.642,2025-05-04 18:00:00
2.9443019242229713,25.7,250023,2025-05-04,2025-05-04,189720,Rensjön A,68.073,19.8351,493.651,2025-05-04 18:00:00
2.7348891610949497,20.8,235116,2025-05-04,2025-05-04,177930,Ritsem A,67.7255,17.4668,541.214,2025-05-04 18:00:00
3.4216621094206454,22.0,599046,2025-05-04,2025-05-04,65160,Ronneby-Bredåkra,56.267,15.265,58.2,2025-05-04 18:00:00
2.4847718661193556,13.6,253360,2025-05-04,2025-05-04,73480,Rångedala A,57.7846,13.1642,297.467,2025-05-04 18:00:00
5.854254517373369,26.0,269349,2025-05-04,2025-05-04,162790,Rödkallen A,65.3121,22.3709,1.932,2025-05-04 18:00:00
2.397206842080068,15.4,250684,2025-05-04,2025-05-04,182810,Saittarova A,67.3363,22.2288,240.652,2025-05-04 18:00:00
2.07149759961313,13.8,256417,2025-05-04,2025-05-04,96560,Sala A,59.9093,16.6843,56.575,2025-05-04 18:00:00
3.6563877897117014,17.9,3538,2025-05-04,2025-05-04,25075,Seskarö,65.7464,23.8069,0.0,2025-05-04 18:00:00
4.775767966626636,21.9,253136,2025-05-04,2025-05-04,139120,Skagsudde A,63.1872,19.0199,9.343,2025-05-04 18:00:00
4.019377541038951,20.4,346561,2025-05-04,2025-05-04,98160,Skarpö A,59.3446,18.7404,19.287,2025-05-04 18:00:00
3.35039253019756,21.0,328255,2025-05-04,2025-05-04,151380,Skellefteå Flygplats,64.6244,21.0717,48.0,2025-05-04 18:00:00
4.641445194486405,22.5,254208,2025-05-04,2025-05-04,54290,Skillinge A,55.489,14.3144,4.016,2025-05-04 18:00:00
2.166926880041634,10.3,19215,2025-05-04,2025-05-04,14013,Skulltorpsmotet,57.7401,12.1345,0.0,2025-05-04 18:00:00
2.460415505149799,11.9,34079,2025-05-04,2025-05-04,11018,Skättilljunga,55.9565,13.927,0.0,2025-05-04 18:00:00
8.00955005085057,48.6,223203,2025-05-04,2025-05-04,154730,Stekenjokk A,65.0929,14.5055,1037.322,2025-05-04 18:00:00
3.205167667837336,16.0,147494,2025-05-04,2025-05-04,97400,Stockholm-Arlanda Flygplats,59.6269,17.9545,42.0,2025-05-04 18:00:00
3.3935275064328803,19.0,585663,2025-05-04,2025-05-04,97200,Stockholm-Bromma Flygplats,59.3537,17.9513,14.0,2025-05-04 18:00:00
7.081562352465098,39.3,237232,2025-05-04,2025-05-04,178860,Stora Sjöfallet A,67.4948,18.2907,426.536,2025-05-04 18:00:00
2.765566625405104,15.1,249627,2025-05-04,2025-05-04,105220,Stora Spånsberget A,60.3817,15.1374,492.257,2025-05-04 18:00:00
1.493523275727853,6.5,19269,2025-05-04,2025-05-04,8027,Storgöl,57.4232,15.8252,0.0,2025-05-04 18:00:00
3.105356566138136,17.2,130046,2025-05-04,2025-05-04,132170,Storlien-Storvallen A,63.2826,12.1218,583.124,2025-05-04 18:00:00
3.406910748095636,17.1,45422,2025-05-04,2025-05-04,23058,Storlien2,63.3178,12.0875,0.0,2025-05-04 18:00:00
4.5261953701655235,22.8,248605,2025-05-04,2025-05-04,163900,Storön A,65.6972,23.0959,2.394,2025-05-04 18:00:00
3.00187004384334,22.0,462556,2025-05-04,2025-05-04,127310,Sundsvall-Timrå Flygplats,62.5246,17.441,4.0,2025-05-04 18:00:00
1.8683293782074513,14.5,256629,2025-05-04,2025-05-04,93520,Sunne A,59.8639,13.1166,108.947,2025-05-04 18:00:00
1.8674901336504122,11.5,255667,2025-05-04,2025-05-04,98490,Svanberga A,59.8317,18.6313,14.821,2025-05-04 18:00:00
2.216869651998743,14.1,54109,2025-05-04,2025-05-04,25060,Svappavaara,67.6117,21.1062,0.0,2025-05-04 18:00:00
2.5362346553883297,17.1,133353,2025-05-04,2025-05-04,124030,Sveg A,62.0462,14.4069,357.187,2025-05-04 18:00:00
7.416949356561323,30.0,182768,2025-05-04,2025-05-04,99270,Svenska Högarna,59.4439,19.5028,10.145,2021-12-31 23:59:59
6.98422804760373,22.7,124360,2025-05-04,2025-05-04,99280,Svenska Högarna A,59.4423,19.5022,11.811,2025-05-04 18:00:00
6.822759616910605,32.5,308753,2025-05-04,2025-05-04,132030,Sylarna A,63.0438,12.2748,1030.11,2025-05-04 18:00:00
2.1772302591922847,10.0,26544,2025-05-04,2025-05-04,25009,Sävastön,65.7576,21.7637,0.0,2025-05-04 18:00:00
2.583778120864579,10.8,9068,2025-05-04,2025-05-04,72001,Sävenäs GBG,57.7271,12.0372,0.0,2025-05-04 18:00:00
4.305156963635312,24.0,605395,2025-05-04,2025-05-04,82260,Såtenäs,58.428,12.711,55.1,2025-05-04 18:00:00
7.352867447732167,30.0,365569,2025-05-04,2025-05-04,99450,Söderarm A,59.7531,19.4054,14.006,2025-05-04 18:00:00
3.833694956340636,29.1,234314,2025-05-04,2025-05-04,178970,Tarfala A,67.9124,18.6101,1143.653,2025-05-04 18:00:00
2.686268046674138,13.0,151690,2025-05-04,2025-05-04,169790,Tjåkaape,66.309,19.21,580.4,2025-05-04 18:00:00
2.902431317544807,13.6,253813,2025-05-04,2025-05-04,74300,Tomtabacken A,57.4981,14.4645,355.895,2025-05-04 18:00:00
1.1199039988450987,13.0,249372,2025-05-04,2025-05-04,126290,Torpshammar A,62.4935,16.2742,99.137,2025-05-04 18:00:00
2.3319020692226435,10.3,16093,2025-05-04,2025-05-04,16035,Torsöbron V,58.7812,13.8468,0.0,2025-05-04 18:00:00
2.8112431020683264,15.3,142434,2025-05-04,2025-05-04,63590,Torup A,56.9494,13.0601,132.532,2025-05-04 18:00:00
4.196019900497513,13.9,10050,2025-05-04,2025-05-04,71003,Trelleborg GBG,55.3694,13.1588,0.0,2025-05-04 18:00:00
2.9676448951303467,22.0,516546,2025-05-04,2025-05-04,97100,Tullinge A,59.1785,17.9093,44.858,2025-05-04 18:00:00
1.2632224672470993,9.3,253489,2025-05-04,2025-05-04,122260,Tännäs A,62.4494,12.6676,723.013,2025-05-04 18:00:00
1.273076923076923,8.2,2210,2025-05-04,2025-05-04,17045,Töcksfors,59.5066,11.8158,0.0,2025-05-04 18:00:00
1.244442854985735,8.9,251658,2025-05-04,2025-05-04,72090,Ullared A,57.1134,12.7732,122.356,2025-05-04 18:00:00
3.131769639760592,19.0,505747,2025-05-04,2025-05-04,140480,Umeå Flygplats,63.7931,20.28,7.31,2025-05-04 18:00:00
2.078294385860549,20.0,326123,2025-05-04,2025-05-04,97510,Uppsala Aut,59.8471,17.632,23.535,2025-05-04 18:00:00
3.6263180749415547,25.0,594143,2025-05-04,2025-05-04,97530,Uppsala Flygplats,59.9,17.593,20.6,2025-05-04 18:00:00
6.936302480114871,30.0,291801,2025-05-04,2025-05-04,55570,Utklippan A,55.9557,15.7048,2.391,2025-05-04 18:00:00
1.1845177923267411,6.9,29479,2025-05-04,2025-05-04,15060,V Horred,57.3554,12.4618,0.0,2025-05-04 18:00:00
1.7106376456161865,8.4,3262,2025-05-04,2025-05-04,19024,Vallbymotet,59.6172,16.5112,0.0,2025-05-04 18:00:00
2.0563191795384905,19.0,239865,2025-05-04,2025-05-04,160970,Vidsel,65.875,20.15,182.566,2025-05-04 18:00:00
2.233421470121628,16.8,253394,2025-05-04,2025-05-04,146350,Vilhelmina A,64.5798,16.8386,348.198,2025-05-04 18:00:00
7.088803133239401,36.0,286732,2025-05-04,2025-05-04,71380,Vinga A,57.6322,11.6048,18.205,2025-05-04 18:00:00
5.095565757737941,23.0,575476,2025-05-04,2025-05-04,78400,Visby Flygplats,57.6678,18.3516,41.05,2025-05-04 18:00:00
4.918944425443236,22.1,251446,2025-05-04,2025-05-04,84050,Visingsö A,58.0948,14.4058,93.582,2025-05-04 18:00:00
1.731195288874741,7.4,6283,2025-05-04,2025-05-04,11031,Visseltofta,56.4308,13.8754,0.0,2025-05-04 18:00:00
1.7609469658510168,9.9,29547,2025-05-04,2025-05-04,25061,Vittangi,67.6673,21.6757,0.0,2025-05-04 18:00:00
7.816351370572814,30.1,344491,2025-05-04,2025-05-04,81350,Väderöarna A,58.576,11.0661,22.356,2025-05-04 18:00:00
2.0062672811059907,8.6,3255,2025-05-04,2025-05-04,75003,Västerås västra GBG,59.5959,16.5086,0.0,2025-05-04 18:00:00
1.812482307288602,12.0,251516,2025-05-04,2025-05-04,138070,Västmarkum A,63.1243,18.2518,141.392,2025-05-04 18:00:00
3.0571867574349483,16.8,255449,2025-05-04,2025-05-04,64510,Växjö A,56.8463,14.8296,198.861,2025-05-04 18:00:00
2.2750243020142786,13.8,251008,2025-05-04,2025-05-04,173900,Ylinenjärvi A,66.6223,23.4635,133.672,2025-05-04 18:00:00
1.2192474288177695,8.8,48713,2025-05-04,2025-05-04,22046,Ytterturingen2,62.4295,14.9926,0.0,2025-05-04 18:00:00
1.4053142486894037,13.5,254655,2025-05-04,2025-05-04,114140,Älvdalen A,61.2536,14.0355,251.633,2025-05-04 18:00:00
2.094756913536044,23.0,304439,2025-05-04,2025-05-04,161910,Älvsbyn A,65.6691,21.062,43.384,2025-05-04 18:00:00
4.413287948873901,24.0,554081,2025-05-04,2025-05-04,62180,Ängelholm-Barkåkra Flygplats,56.2926,12.8558,17.634,2025-05-04 18:00:00
2.0638782746258557,12.5,254113,2025-05-04,2025-05-04,106570,Åmot A,60.9614,16.4279,161.678,2025-05-04 18:00:00
1.3291500460263888,10.2,3259,2025-05-04,2025-05-04,76001,Ånge GBG,62.5255,15.6442,0.0,2025-05-04 18:00:00
1.6381664673580476,12.6,250031,2025-05-04,2025-05-04,147090,Åsele A,64.165,17.3153,307.712,2025-05-04 18:00:00
5.687880980726285,23.3,257034,2025-05-04,2025-05-04,77210,Ölands norra udde A,57.3671,17.0954,2.762,2025-05-04 18:00:00
6.196890074925589,24.6,253318,2025-05-04,2025-05-04,66110,Ölands södra udde A,56.1977,16.4005,1.53,2025-05-04 18:00:00
3.431846990392475,17.1,253239,2025-05-04,2025-05-04,95130,Örebro Flygplats,59.2289,15.0455,53.0,2025-05-04 18:00:00
3.7255944627969164,23.0,317850,2025-05-04,2025-05-04,138240,Örnsköldsviks Flygplats,63.4119,18.9797,107.0,2025-05-04 18:00:00
7.122465031814462,34.0,360685,2025-05-04,2025-05-04,108320,Örskär A,60.5256,18.3729,6.539,2025-05-04 18:00:00
6.445083571331971,28.0,251402,2025-05-04,2025-05-04,78280,Östergarnsholm A,57.4408,18.9839,8.127,2025-05-04 18:00:00
3.7866421133471513,23.0,605485,2025-05-04,2025-05-04,134110,Östersund-Frösön Flygplats,63.1981,14.4869,375.8,2025-05-04 18:00:00
1.6961839804541488,12.9,253353,2025-05-04,2025-05-04,172770,Överkalix-Svartbyn A,66.2618,22.8427,61.024,2025-05-04 18:00:00
